,artist_name,artist_id,artist_popularity,artist_genre
0,Ariana Grande,66CXWjxzNUsdJxJ2JdwvnR,90,['pop']
1,Taylor Swift,06HL4z0CvFAxyc27GXpf02,100,['pop']
2,Adele,4dpARuHxo51G3z768sgnrY,82,"['british soul', 'pop', 'pop soul', 'uk pop']"
3,Billie Eilish,6qqNVTkY8uBg9cP3Jd7DAH,93,"['art pop', 'pop']"
4,A$AP Rocky,13ubrt8QOOCPljQ2FL1Kca,82,"['east coast hip hop', 'hip hop', 'rap']"
5,Aventura,1qto4hHid1P71emI6Fd8xi,79,"['bachata', 'bachata dominicana', 'latin hip hop', 'latin pop', 'tropical', 'urbano latino']"
6,The Weeknd,1Xyo4u8uXC1ZmMpatF05PJ,92,"['canadian contemporary r&b', 'canadian pop', 'pop']"
7,aespa,6YVMFz59CuY7ngCxTxjpxE,78,['k-pop girl group']
8,YoungBoy Never Broke Again,7wlFDEWiM5OoIAt8RSli8b,79,"['baton rouge rap', 'rap']"
9,ATEEZ,68KmkJeZGfwe1OUaivBa2L,72,"['k-pop', 'k-pop boy group']"
10,Rauw Alejandro,1mcTU81TzQhprhouKaTkpq,87,"['puerto rican pop', 'reggaeton', 'trap latino', 'urbano latino']"
11,AJR,6s22t5Y3prQHyaHWUN1R1C,71,['pov: indie']
12,Amy Winehouse,6Q192DXotxtaysaqNPy5yR,77,"['british soul', 'neo soul']"
13,A Boogie Wit da Hoodie,31W5EY0aAly4Qieq6OFu6I,79,"['melodic rap', 'rap', 'trap']"
14,Arctic Monkeys,7Ln80lUS6He07XvHI8qqHH,83,"['garage rock', 'modern rock', 'permanent wave', 'rock', 'sheffield indie']"
15,Gunna,2hlmm7s2ICUX0LVIhVFlZQ,85,"['atl hip hop', 'melodic rap', 'rap', 'trap']"
16,ABBA,0LcJLqbBmaGUft1e9Mm8HV,79,"['europop', 'swedish pop']"
17,Anuel AA,2R21vXR83lH98kGeO99Y66,85,"['reggaeton', 'reggaeton flow', 'trap boricua', 'trap latino', 'urbano latino']"
18,Alex G,6lcwlkAjBPSKnFBZjjZFJs,73,"['philly indie', 'pov: indie', 'slacker rock']"
19,XXXTENTACION,15UsOTVnJzReFVN1VCnxy4,85,"['emo rap', 'miami hip hop', 'rap']"
20,Avril Lavigne,0p4nmQO2msCgU4IF37Wi3j,74,"['canadian pop', 'candy pop', 'dance pop', 'pop']"
21,Cigarettes After Sex,1QAJqy2dA3ihHBFIHRphZj,80,"['ambient pop', 'dream pop', 'el paso indie', 'shoegaze']"
22,A Day To Remember,4NiJW4q9ichVqL1aUsgGAN,67,"['alternative metal', 'metalcore', 'neon pop punk', 'pop punk', 'screamo']"
23,Bob Marley & The Wailers,2QsynagSdAqZj3U9HgDzjD,80,"['reggae', 'roots reggae']"
24,AC/DC,711MCceyCBcFnzjGY4Q7Un,80,"['australian rock', 'hard rock', 'rock']"
25,Avenged Sevenfold,0nmQIMXWTXfhgOBdNzhGOs,75,['alternative metal']
26,Lil Wayne,55Aa2cqylxrFIXC767Z865,83,"['hip hop', 'new orleans rap', 'pop rap', 'rap', 'trap']"
27,Alice In Chains,64tNsm6TnZe2zpcMVMOoHL,70,"['alternative metal', 'alternative rock', 'grunge', 'hard rock', 'nu metal', 'rock']"
28,Jhené Aiko,5ZS223C6JyBfXasXxrRqOk,75,['r&b']
29,Artemas,0PCCGZ0wGLizHt2KZ7hhA2,81,[]
30,Shaboozey,3y2cIKLjiOlp1Np37WiUdH,79,['pop rap']
31,Eslabon Armado,0XeEobZplHxzM9QzFQWLiR,76,"['corrido', 'corridos tumbados', 'sad sierreno', 'sierreno']"
32,System Of A Down,5eAWCfyUhZtHHtBdNk56l1,78,"['alternative metal', 'nu metal', 'rap metal', 'rock']"
33,Adrianne Lenker,4aKWmkWAKviFlyvHYPTNQY,66,"['countrygaze', 'indie pop', 'small room']"
34,Jason Aldean,3FfvYsEGaIb52QPXhg4DcH,72,"['contemporary country', 'country', 'country road', 'modern country rock']"
35,Akon,0z4gvV4rjIZ9wHck67ucSV,79,['dance pop']
36,Arijit Singh,4YRxDV8wJFPHPTeXepOstw,87,"['filmi', 'modern bollywood']"
37,Anderson .Paak,3jK9MiCrA42lLAdMGUZpwa,75,"['escape room', 'hip hop', 'indie soul', 'neo soul']"
38,Outkast,1G9G7WwrXka3Z1r7aIDjI7,73,"['atl hip hop', 'dirty south rap', 'hip hop', 'old school atlanta hip hop', 'rap', 'southern hip hop']"
39,Julión Álvarez y su Norteño Banda,1bfl0AU8SqmLkElptOprhC,80,"['banda', 'musica mexicana', 'norteno', 'sad sierreno', 'sierreno']"
40,Avicii,1vCWHaC5f2uS3yhpwWbIA6,79,"['dance pop', 'edm', 'pop', 'pop dance']"
41,Action Bronson,7BMccF0hQFBpP6417k1OtQ,61,"['alternative hip hop', 'east coast hip hop', 'hip hop', 'nyc rap', 'queens hip hop']"
42,Arcángel,4SsVbpTthjScTS7U2hmr1X,81,"['latin hip hop', 'reggaeton', 'trap latino', 'urbano latino']"
43,Autumn!,5delTPpDAtBDsjk60f5xnt,62,"['emoplugg', 'glitchcore', 'plugg', 'pluggnb']"
44,Panic! At The Disco,20JZFwl6HVl6yg8a4H3ZqK,74,['pop']
45,AURORA,1WgXqy2Dd70QQOU7Ay074N,71,"['art pop', 'norwegian pop']"
46,Daryl Hall & John Oates,77tT1kLj6mCWtFNqiOmP9H,74,"['album rock', 'classic rock', 'mellow gold', 'rock', 'singer-songwriter', 'soft rock', 'yacht rock']"
47,Aphex Twin,6kBDZFXuLrZgHnvmPu9NsG,63,"['ambient', 'braindance', 'electronica', 'intelligent dance music', 'uk experimental electronic']"
48,Guns N' Roses,3qm84nBOXUEQ2vnTfUTTFC,77,"['glam metal', 'hard rock', 'rock']"
49,Alan Jackson,4mxWe1mtYIYfP040G38yvS,71,['country']
